序号,类别,标题,起始页,结束页,页数,相对路径
1,辅助材料,封面,1,10,10,00_辅助材料/封面.pdf
2,辅助材料,注记和参考,325,327,3,00_辅助材料/注记和参考.pdf
3,辅助材料,参考文献,328,330,3,00_辅助材料/参考文献.pdf
4,辅助材料,符号表,331,332,2,00_辅助材料/符号表.pdf
5,章节,第1章_L_p空间和Banach空间,11,45,35,01_第1章_L_p空间和Banach空间/01_第1章_L_p空间和Banach空间.pdf
6,章节,第2章_调和分析中的L_p空间,46,84,39,02_第2章_调和分析中的L_p空间/02_第2章_调和分析中的L_p空间.pdf
7,章节,第3章_分布_广义函数,85,129,45,03_第3章_分布_广义函数/03_第3章_分布_广义函数.pdf
8,章节,第4章_Baire纲定理的应用,130,151,22,04_第4章_Baire纲定理的应用/04_第4章_Baire纲定理的应用.pdf
9,章节,第5章_概率论基础,152,191,40,05_第5章_概率论基础/05_第5章_概率论基础.pdf
10,章节,第6章_Brownian运动引论,192,220,29,06_第6章_Brownian运动引论/06_第6章_Brownian运动引论.pdf
11,章节,第7章_多复变引论,221,246,26,07_第7章_多复变引论/07_第7章_多复变引论.pdf
12,章节,第8章_Fourier分析中的振荡积分,247,324,78,08_第8章_Fourier分析中的振荡积分/08_第8章_Fourier分析中的振荡积分.pdf
